Admission_ID,Patient_ID,Admission_DateTime,Procedure_ID,Room_ID,Bed_ID,Discharge_DateTime,Stay_duration
AD0001,P000001,2022-12-31 12:56:00,P026,R016,B0036,2023-01-26 19:52:00,26 days 06:56:00
AD0002,P000002,2022-12-31 12:14:00,P004,R024,B0037,2023-01-15 00:24:00,14 days 12:10:00
AD0003,P000003,2022-12-31 17:30:00,P018,R029,B0436,2023-01-20 23:04:00,20 days 05:34:00
AD0004,P000004,2022-12-31 12:48:00,P030,R034,B0437,2023-01-16 23:29:00,16 days 10:41:00
AD0005,P000007,2022-12-31 13:31:00,P035,R011,B0038,2023-01-27 02:32:00,26 days 13:01:00
AD0006,P000009,2022-12-31 13:19:00,P012,R016,B0039,2023-01-25 06:28:00,24 days 17:09:00
AD0007,P000013,2022-12-31 04:08:00,P017,R024,B0040,2023-01-21 01:25:00,20 days 21:17:00
AD0008,P000014,2022-12-31 13:22:00,P012,R018,B0041,2023-01-08 17:44:00,8 days 04:22:00
AD0009,P000015,2022-12-31 15:26:00,P031,R014,B0042,2023-01-13 18:31:00,13 days 03:05:00
AD0010,P000016,2022-12-31 09:32:00,P034,R019,B0043,2023-01-27 04:48:00,26 days 19:16:00
AD0011,P000019,2022-12-31 17:19:00,P034,R028,B0438,2023-01-06 11:37:00,5 days 18:18:00
AD0012,P000021,2022-12-31 13:57:00,P020,R009,B0044,2023-01-17 01:17:00,16 days 11:20:00
AD0013,P000024,2022-12-31 11:47:00,P034,R013,B0045,2023-01-24 21:43:00,24 days 09:56:00
AD0014,P000026,2022-12-31 18:44:00,P012,R030,B0439,2023-01-07 02:07:00,6 days 07:23:00
AD0015,P000027,2022-12-31 04:58:00,P023,R028,B0440,2023-01-09 18:15:00,9 days 13:17:00
AD0016,P000028,2022-12-31 03:56:00,P021,R026,B0046,2023-01-02 16:16:00,2 days 12:20:00
AD0017,P000029,2022-12-31 13:15:00,P032,R020,B0047,2023-01-13 05:07:00,12 days 15:52:00
AD0018,P000030,2022-12-31 12:24:00,P030,R024,B0048,2023-01-30 22:50:00,30 days 10:26:00
AD0019,P000031,2022-12-31 15:42:00,P015,R020,B0049,2023-01-23 06:01:00,22 days 14:19:00
AD0020,P000032,2022-12-31 17:43:00,P029,R027,B0050,2023-01-11 13:05:00,10 days 19:22:00
AD0021,P000034,2022-12-31 12:56:00,P029,R021,B0051,2023-01-26 04:56:00,25 days 16:00:00
AD0022,P000035,2022-12-31 16:03:00,P025,R017,B0052,2023-01-11 06:59:00,10 days 14:56:00
AD0023,P000037,2022-12-31 20:51:00,P038,R007,B0001,2023-01-02 09:42:00,1 days 12:51:00
AD0024,P000039,2022-12-31 13:56:00,P029,R017,B0053,2023-01-10 22:40:00,10 days 08:44:00
AD0025,P000040,2022-12-31 02:18:00,P021,R014,B0054,2023-01-19 08:30:00,19 days 06:12:00
AD0026,P000042,2022-12-31 21:41:00,P028,R019,B0055,2023-01-21 06:47:00,20 days 09:06:00
AD0027,P000043,2022-12-31 17:25:00,P008,R033,B0441,2023-01-16 14:51:00,15 days 21:26:00
AD0028,P000047,2022-12-31 15:34:00,P037,R013,B0056,2023-01-29 04:50:00,28 days 13:16:00
AD0029,P000048,2022-12-31 15:58:00,P006,R015,B0057,2023-01-24 11:11:00,23 days 19:13:00
AD0030,P000052,2022-12-31 12:29:00,P028,R027,B0058,2023-01-25 17:14:00,25 days 04:45:00
AD0031,P000054,2022-12-31 13:22:00,P041,R009,B0059,2023-01-09 18:13:00,9 days 04:51:00
AD0032,P000058,2022-12-31 08:27:00,P001,R011,B0060,2023-01-24 19:41:00,24 days 11:14:00
AD0033,P000060,2022-12-31 09:30:00,P013,R017,B0061,2023-01-20 04:50:00,19 days 19:20:00
AD0034,P000061,2022-12-31 12:39:00,P011,R015,B0062,2023-01-18 09:30:00,17 days 20:51:00
AD0035,P000065,2022-12-31 13:44:00,P031,R013,B0063,2023-01-25 23:14:00,25 days 09:30:00
AD0036,P000066,2022-12-31 16:35:00,P005,R009,B0064,2023-01-22 20:38:00,22 days 04:03:00
AD0037,P000067,2022-12-31 15:35:00,P030,R009,B0065,2023-01-30 10:05:00,29 days 18:30:00
AD0038,P000068,2022-12-31 12:27:00,P040,R010,B0066,2023-01-18 11:20:00,17 days 22:53:00
AD0039,P000069,2022-12-31 15:32:00,P025,R021,B0067,2023-01-03 06:10:00,2 days 14:38:00
AD0040,P000070,2022-12-31 07:10:00,P019,R014,B0068,2023-01-02 19:00:00,2 days 11:50:00
AD0041,P000071,2022-12-31 04:00:00,P015,R037,B0442,2023-01-15 21:03:00,15 days 17:03:00
AD0042,P000073,2022-12-31 11:12:00,P040,R024,B0069,2023-01-28 08:06:00,27 days 20:54:00
AD0043,P000076,2022-12-31 12:22:00,P013,R021,B0070,2023-01-10 09:15:00,9 days 20:53:00
AD0044,P000077,2022-12-31 09:12:00,P037,R001,B0002,2023-01-01 19:01:00,1 days 09:49:00
AD0045,P000079,2022-12-31 15:12:00,P028,R038,B0443,2023-01-31 14:35:00,30 days 23:23:00
AD0046,P000081,2022-12-31 03:41:00,P015,R020,B0071,2023-01-27 10:46:00,27 days 07:05:00
AD0047,P000082,2022-12-31 14:26:00,P027,R012,B0072,2023-01-07 10:00:00,6 days 19:34:00
AD0048,P000083,2022-12-31 12:08:00,P018,R003,B0003,2023-01-02 23:44:00,2 days 11:36:00
AD0049,P000084,2022-12-31 18:14:00,P028,R037,B0444,2023-01-25 12:59:00,24 days 18:45:00
AD0050,P000087,2022-12-31 19:51:00,P013,R011,B0073,2023-01-03 11:32:00,2 days 15:41:00
